game_id,season_year,week,date,season_type,home_team,away_team,home_score,away_score,went_ot,game_type,game_phase,neutral_site,notes
401022510,2018,1,2018-08-25,regular,Colorado State,Hawai'i,34,43,0,regular,regular,0,
401013437,2018,1,2018-08-26,regular,New Mexico State,Wyoming,7,29,0,regular,regular,0,
401019470,2018,1,2018-08-30,regular,UConn,UCF,17,56,0,regular,regular,0,
401013328,2018,1,2018-08-30,regular,Minnesota,New Mexico State,48,10,0,regular,regular,0,
401013086,2018,1,2018-08-31,regular,Tulane,Wake Forest,17,23,0,regular,regular,0,
401013342,2018,1,2018-08-31,regular,Purdue,Northwestern,27,31,0,regular,regular,0,
401020673,2018,1,2018-08-31,regular,Western Michigan,Syracuse,42,55,0,regular,regular,0,
401012880,2018,1,2018-08-31,regular,Michigan State,Utah State,38,31,0,regular,regular,0,
401013089,2018,1,2018-08-31,regular,Duke,Army,34,14,0,regular,regular,0,
401013354,2018,1,2018-09-01,regular,Wisconsin,Western Kentucky,34,3,0,regular,regular,0,
401022512,2018,1,2018-09-01,regular,Stanford,San Diego State,31,10,0,regular,regular,0,
401012680,2018,1,2018-09-01,regular,Colorado State,Colorado,13,45,0,regular,regular,1,
401013065,2018,1,2018-09-01,regular,Oklahoma,Florida Atlantic,63,14,0,regular,regular,0,
401012682,2018,1,2018-09-01,regular,Ohio State,Oregon State,77,31,0,regular,regular,0,
401012872,2018,1,2018-09-01,regular,Maryland,Texas,34,29,0,regular,regular,1,
401012820,2018,1,2018-09-01,regular,Rutgers,Texas State,35,7,0,regular,regular,0,
401012256,2018,1,2018-09-01,regular,South Carolina,Coastal Carolina,49,15,0,regular,regular,0,
401014977,2018,1,2018-09-01,regular,Rice,Houston,27,45,0,regular,regular,0,
401012804,2018,1,2018-09-01,regular,Illinois,Kent State,31,24,0,regular,regular,0,
401012253,2018,1,2018-09-01,regular,Texas Tech,Ole Miss,27,47,0,regular,regular,1,
401013087,2018,1,2018-09-01,regular,Boston College,Massachusetts,55,21,0,regular,regular,0,
401012251,2018,1,2018-09-01,regular,Kentucky,Central Michigan,35,20,0,regular,regular,0,
401013349,2018,1,2018-09-01,regular,Penn State,App State,45,38,0,regular,regular,0,
401012248,2018,1,2018-09-01,regular,Auburn,Washington,21,16,0,regular,regular,1,
401012683,2018,1,2018-09-01,regular,Wyoming,Washington State,19,41,0,regular,regular,0,
401012257,2018,1,2018-09-01,regular,Tennessee,West Virginia,14,40,0,regular,regular,1,
401012862,2018,1,2018-09-01,regular,Iowa,Northern Illinois,33,7,0,regular,regular,0,
401012684,2018,1,2018-09-01,regular,California,North Carolina,24,17,0,regular,regular,0,
401012678,2018,1,2018-09-01,regular,USC,UNLV,43,21,0,regular,regular,0,
401013448,2018,1,2018-09-01,regular,Liberty,Old Dominion,52,10,0,regular,regular,0,
401014975,2018,1,2018-09-01,regular,Miami (OH),Marshall,28,35,0,regular,regular,0,
401021656,2018,1,2018-09-01,regular,Troy,Boise State,20,56,0,regular,regular,0,
401012679,2018,1,2018-09-01,regular,UCLA,Cincinnati,17,26,0,regular,regular,0,
401014974,2018,1,2018-09-01,regular,South Alabama,Louisiana Tech,26,30,0,regular,regular,0,
401012851,2018,1,2018-09-01,regular,Florida International,Indiana,28,38,0,regular,regular,0,
401012259,2018,1,2018-09-01,regular,Vanderbilt,Middle Tennessee,35,7,0,regular,regular,0,
401012888,2018,1,2018-09-01,regular,Notre Dame,Michigan,24,17,0,regular,regular,0,
401014976,2018,1,2018-09-01,regular,North Texas,SMU,46,23,0,regular,regular,0,
401012681,2018,1,2018-09-02,regular,Oregon,Bowling Green,58,24,0,regular,regular,0,
401012246,2018,1,2018-09-02,regular,Alabama,Louisville,51,14,0,regular,regular,1,
401012677,2018,1,2018-09-02,regular,Arizona State,UTSA,49,7,0,regular,regular,0,
401012676,2018,1,2018-09-02,regular,Arizona,BYU,23,28,0,regular,regular,0,
401019475,2018,1,2018-09-02,regular,Hawai'i,Navy,59,41,0,regular,regular,0,
401013095,2018,1,2018-09-02,regular,LSU,Miami,33,17,0,regular,regular,1,
401013096,2018,1,2018-09-04,regular,Florida State,Virginia Tech,3,24,0,regular,regular,0,
401019477,2018,2,2018-09-08,regular,SMU,TCU,12,42,0,regular,regular,0,
401013355,2018,2,2018-09-08,regular,Wisconsin,New Mexico,45,14,0,regular,regular,0,
401013352,2018,2,2018-09-08,regular,Purdue,Eastern Michigan,19,20,0,regular,regular,0,
401013367,2018,2,2018-09-08,regular,Army,Liberty,38,14,0,regular,regular,0,
401012266,2018,2,2018-09-08,regular,Kansas State,Mississippi State,10,31,0,regular,regular,0,
401012726,2018,2,2018-09-08,regular,Houston,Arizona,45,18,0,regular,regular,0,
401013100,2018,2,2018-09-08,regular,South Florida,Georgia Tech,49,38,0,regular,regular,0,
401012889,2018,2,2018-09-08,regular,Michigan,Western Michigan,49,3,0,regular,regular,0,
401012271,2018,2,2018-09-08,regular,Vanderbilt,Nevada,41,10,0,regular,regular,0,
401013098,2018,2,2018-09-08,regular,Northwestern,Duke,7,21,0,regular,regular,0,
401013104,2018,2,2018-09-08,regular,NC State,Georgia State,41,7,0,regular,regular,0,
401012728,2018,2,2018-09-08,regular,Oklahoma,UCLA,49,21,0,regular,regular,0,
401014983,2018,2,2018-09-08,regular,Florida Atlantic,Air Force,33,26,0,regular,regular,0,
401013049,2018,2,2018-09-08,regular,Central Michigan,Kansas,7,31,0,regular,regular,0,
401012268,2018,2,2018-09-08,regular,South Carolina,Georgia,17,41,0,regular,regular,0,
401012821,2018,2,2018-09-08,regular,Ohio State,Rutgers,52,3,0,regular,regular,0,
401012260,2018,2,2018-09-08,regular,Alabama,Arkansas State,57,7,0,regular,regular,0,
401019479,2018,2,2018-09-08,regular,Navy,Memphis,22,21,0,regular,regular,0,
401013103,2018,2,2018-09-08,regular,East Carolina,North Carolina,41,19,0,regular,regular,0,
401019478,2018,2,2018-09-08,regular,Temple,Buffalo,29,36,0,regular,regular,0,
401012729,2018,2,2018-09-08,regular,Nebraska,Colorado,28,33,0,regular,regular,0,
401013377,2018,2,2018-09-08,regular,Notre Dame,Ball State,24,16,0,regular,regular,0,
401012863,2018,2,2018-09-08,regular,Iowa,Iowa State,13,3,0,regular,regular,0,
401012873,2018,2,2018-09-08,regular,Bowling Green,Maryland,14,45,0,regular,regular,0,
401013358,2018,2,2018-09-08,regular,Georgia Southern,Massachusetts,34,13,0,regular,regular,0,
401014981,2018,2,2018-09-08,regular,Charlotte,App State,9,45,0,regular,regular,0,
401013027,2018,2,2018-09-08,regular,UTSA,Baylor,20,37,0,regular,regular,0,
401012267,2018,2,2018-09-08,regular,Missouri,Wyoming,40,13,0,regular,regular,0,
401014989,2018,2,2018-09-08,regular,Southern Miss,UL Monroe,20,21,0,regular,regular,0,
401012270,2018,2,2018-09-08,regular,Texas A&M,Clemson,26,28,0,regular,regular,0,
401014990,2018,2,2018-09-08,regular,Coastal Carolina,UAB,47,24,0,regular,regular,0,
401012852,2018,2,2018-09-08,regular,Indiana,Virginia,20,16,0,regular,regular,0,
401014982,2018,2,2018-09-08,regular,Old Dominion,Florida International,20,28,0,regular,regular,0,
401012263,2018,2,2018-09-08,regular,Florida,Kentucky,16,27,0,regular,regular,0,
401012261,2018,2,2018-09-08,regular,Colorado State,Arkansas,34,27,0,regular,regular,0,
401013329,2018,2,2018-09-08,regular,Minnesota,Fresno State,21,14,0,regular,regular,0,
401012730,2018,2,2018-09-08,regular,Northern Illinois,Utah,6,17,0,regular,regular,0,
401013319,2018,2,2018-09-09,regular,Texas,Tulsa,28,21,0,regular,regular,0,
401013105,2018,2,2018-09-09,regular,Pittsburgh,Penn State,6,51,0,regular,regular,0,
401019482,2018,2,2018-09-09,regular,Miami (OH),Cincinnati,0,21,0,regular,regular,0,
401013438,2018,2,2018-09-09,regular,Utah State,New Mexico State,60,13,0,regular,regular,0,
401013490,2018,2,2018-09-09,regular,Oklahoma State,South Alabama,55,13,0,regular,regular,0,
401012736,2018,2,2018-09-09,regular,Stanford,USC,17,3,0,regular,regular,0,
401014991,2018,2,2018-09-09,regular,UNLV,UTEP,52,24,0,regular,regular,0,
401012735,2018,2,2018-09-09,regular,BYU,California,18,21,0,regular,regular,0,
401019483,2018,2,2018-09-09,regular,Boise State,UConn,62,7,0,regular,regular,0,
401012727,2018,2,2018-09-09,regular,Arizona State,Michigan State,16,13,0,regular,regular,0,
401012734,2018,2,2018-09-09,regular,Washington State,San José State,31,0,0,regular,regular,0,
401014988,2018,2,2018-09-09,regular,Hawai'i,Rice,43,29,0,regular,regular,0,
401014993,2018,3,2018-09-13,regular,Charlotte,Old Dominion,28,25,0,regular,regular,0,
401013109,2018,3,2018-09-13,regular,Wake Forest,Boston College,34,41,0,regular,regular,0,
401019484,2018,3,2018-09-14,regular,Memphis,Georgia State,59,22,0,regular,regular,0,
401012281,2018,3,2018-09-15,regular,Tennessee,UTEP,24,0,0,regular,regular,0,
401012853,2018,3,2018-09-15,regular,Indiana,Ball State,38,10,0,regular,regular,0,
401013368,2018,3,2018-09-15,regular,Army,Hawai'i,28,21,0,regular,regular,0,
401012822,2018,3,2018-09-15,regular,Kansas,Rutgers,55,14,0,regular,regular,0,
401012874,2018,3,2018-09-15,regular,Maryland,Temple,14,35,0,regular,regular,0,
401013350,2018,3,2018-09-15,regular,Penn State,Kent State,63,10,0,regular,regular,0,
401013110,2018,3,2018-09-15,regular,Clemson,Georgia Southern,38,7,0,regular,regular,0,
401012275,2018,3,2018-09-15,regular,Georgia,Middle Tennessee,49,7,0,regular,regular,0,
401013337,2018,3,2018-09-15,regular,Nebraska,Troy,19,24,0,regular,regular,0,
401013039,2018,3,2018-09-15,regular,Iowa State,Oklahoma,27,37,0,regular,regular,0,
401013114,2018,3,2018-09-15,regular,Toledo,Miami,24,49,0,regular,regular,0,
401013111,2018,3,2018-09-15,regular,Syracuse,Florida State,30,7,0,regular,regular,0,
401013112,2018,3,2018-09-15,regular,Pittsburgh,Georgia Tech,24,19,0,regular,regular,0,
401014996,2018,3,2018-09-15,regular,UAB,Tulane,31,24,0,regular,regular,0,
401012283,2018,3,2018-09-15,regular,Notre Dame,Vanderbilt,22,17,0,regular,regular,0,
401012273,2018,3,2018-09-15,regular,Auburn,LSU,21,22,0,regular,regular,0,
401013028,2018,3,2018-09-15,regular,Baylor,Duke,27,40,0,regular,regular,0,
401012806,2018,3,2018-09-15,regular,Illinois,South Florida,19,25,0,regular,regular,1,
401013330,2018,3,2018-09-15,regular,Minnesota,Miami (OH),26,3,0,regular,regular,0,
401012890,2018,3,2018-09-15,regular,Michigan,SMU,45,20,0,regular,regular,0,
401013491,2018,3,2018-09-15,regular,Oklahoma State,Boise State,44,21,0,regular,regular,0,
401020679,2018,3,2018-09-15,regular,Northern Illinois,Central Michigan,24,16,0,regular,regular,0,
401013356,2018,3,2018-09-15,regular,Wisconsin,BYU,21,24,0,regular,regular,0,
401012274,2018,3,2018-09-15,regular,Florida,Colorado State,48,10,0,regular,regular,0,
401012272,2018,3,2018-09-15,regular,Arkansas,North Texas,17,44,0,regular,regular,0,
401013058,2018,3,2018-09-15,regular,Kansas State,UTSA,41,17,0,regular,regular,0,
401013323,2018,3,2018-09-15,regular,Texas Tech,Houston,63,49,0,regular,regular,0,
401013117,2018,3,2018-09-15,regular,Virginia,Ohio,45,31,0,regular,regular,0,
401012743,2018,3,2018-09-15,regular,Oregon,San José State,35,22,0,regular,regular,0,
401020682,2018,3,2018-09-15,regular,Buffalo,Eastern Michigan,35,28,0,regular,regular,0,
401012277,2018,3,2018-09-15,regular,Ole Miss,Alabama,7,62,0,regular,regular,0,
401012744,2018,3,2018-09-15,regular,Nevada,Oregon State,37,35,0,regular,regular,0,
401019488,2018,3,2018-09-15,regular,Tulsa,Arkansas State,20,29,0,regular,regular,0,
401021660,2018,3,2018-09-15,regular,South Alabama,Texas State,41,31,0,regular,regular,0,
401012278,2018,3,2018-09-15,regular,Mississippi State,Louisiana,56,10,0,regular,regular,0,
401012279,2018,3,2018-09-15,regular,Purdue,Missouri,37,40,0,regular,regular,0,
401013113,2018,3,2018-09-15,regular,Louisville,Western Kentucky,20,17,0,regular,regular,0,
401013359,2018,3,2018-09-15,regular,Florida International,Massachusetts,63,24,0,regular,regular,0,
401013343,2018,3,2018-09-15,regular,Northwestern,Akron,34,39,0,regular,regular,0,
401012282,2018,3,2018-09-15,regular,Texas A&M,UL Monroe,48,10,0,regular,regular,0,
401013074,2018,3,2018-09-16,regular,TCU,Ohio State,28,40,0,regular,regular,1,
401012739,2018,3,2018-09-16,regular,Texas,USC,37,14,0,regular,regular,0,
401013439,2018,3,2018-09-16,regular,New Mexico State,New Mexico,25,42,0,regular,regular,0,
401012742,2018,3,2018-09-16,regular,Utah,Washington,7,21,0,regular,regular,0,
401012738,2018,3,2018-09-16,regular,San Diego State,Arizona State,28,21,0,regular,regular,0,
401012740,2018,3,2018-09-16,regular,UCLA,Fresno State,14,38,0,regular,regular,0,
401019489,2018,4,2018-09-20,regular,Temple,Tulsa,31,17,0,regular,regular,0,
401019490,2018,4,2018-09-21,regular,UCF,Florida Atlantic,56,36,0,regular,regular,0,
401012807,2018,4,2018-09-22,regular,Illinois,Penn State,24,63,0,regular,regular,0,
401012748,2018,4,2018-09-22,regular,USC,Washington State,39,36,0,regular,regular,0,
401019491,2018,4,2018-09-22,regular,Cincinnati,Ohio,34,30,0,regular,regular,0,
401013129,2018,4,2018-09-22,regular,Wake Forest,Notre Dame,27,56,0,regular,regular,0,
401012288,2018,4,2018-09-22,regular,Ole Miss,Kent State,38,17,0,regular,regular,0,
401012875,2018,4,2018-09-22,regular,Maryland,Minnesota,42,13,0,regular,regular,0,
401013040,2018,4,2018-09-22,regular,Iowa State,Akron,26,13,0,regular,regular,0,
401019495,2018,4,2018-09-22,regular,SMU,Navy,31,30,0,regular,regular,0,
401012289,2018,4,2018-09-22,regular,Missouri,Georgia,29,43,0,regular,regular,0,
401012823,2018,4,2018-09-22,regular,Rutgers,Buffalo,13,42,0,regular,regular,0,
401012891,2018,4,2018-09-22,regular,Michigan,Nebraska,56,10,0,regular,regular,0,
401020685,2018,4,2018-09-22,regular,Toledo,Nevada,63,44,0,regular,regular,0,
401013119,2018,4,2018-09-22,regular,Purdue,Boston College,30,13,0,regular,regular,0,
401013125,2018,4,2018-09-22,regular,North Carolina,Pittsburgh,38,35,0,regular,regular,0,
401013123,2018,4,2018-09-22,regular,Virginia,Louisville,27,3,0,regular,regular,0,
401020686,2018,4,2018-09-22,regular,Georgia State,Western Michigan,15,34,0,regular,regular,0,
401015000,2018,4,2018-09-22,regular,Ball State,Western Kentucky,20,28,0,regular,regular,0,
401020811,2018,4,2018-09-22,regular,Bowling Green,Miami (OH),23,38,0,regular,regular,0,
401013059,2018,4,2018-09-22,regular,West Virginia,Kansas State,35,6,0,regular,regular,0,
401012284,2018,4,2018-09-22,regular,Alabama,Texas A&M,45,23,0,regular,regular,0,
401013128,2018,4,2018-09-22,regular,Old Dominion,Virginia Tech,49,35,0,regular,regular,0,
401013360,2018,4,2018-09-22,regular,Massachusetts,Charlotte,49,31,0,regular,regular,0,
401013346,2018,4,2018-09-22,regular,Ohio State,Tulane,49,6,0,regular,regular,0,
401013122,2018,4,2018-09-22,regular,Florida State,Northern Illinois,37,19,0,regular,regular,0,
401013120,2018,4,2018-09-22,regular,Georgia Tech,Clemson,21,49,0,regular,regular,0,
401013029,2018,4,2018-09-22,regular,Baylor,Kansas,26,7,0,regular,regular,0,
401013124,2018,4,2018-09-22,regular,Miami,Florida International,31,17,0,regular,regular,0,
401012750,2018,4,2018-09-22,regular,Oregon State,Arizona,14,35,0,regular,regular,0,
401013127,2018,4,2018-09-22,regular,Syracuse,UConn,51,21,0,regular,regular,0,
401012291,2018,4,2018-09-22,regular,Vanderbilt,South Carolina,14,37,0,regular,regular,0,
401013075,2018,4,2018-09-22,regular,Texas,TCU,31,16,0,regular,regular,0,
401013450,2018,4,2018-09-22,regular,Liberty,North Texas,7,47,0,regular,regular,0,
401012287,2018,4,2018-09-22,regular,LSU,Louisiana Tech,38,21,0,regular,regular,0,
401021662,2018,4,2018-09-22,regular,Arkansas State,UNLV,27,20,0,regular,regular,0,
401012286,2018,4,2018-09-22,regular,Kentucky,Mississippi State,28,7,0,regular,regular,0,
401021664,2018,4,2018-09-22,regular,UL Monroe,Troy,27,35,0,regular,regular,0,
401013324,2018,4,2018-09-22,regular,Oklahoma State,Texas Tech,17,41,0,regular,regular,0,
401014999,2018,4,2018-09-22,regular,UTSA,Texas State,25,21,0,regular,regular,0,
401013126,2018,4,2018-09-22,regular,Marshall,NC State,20,37,0,regular,regular,0,
401012290,2018,4,2018-09-22,regular,Tennessee,Florida,21,47,0,regular,regular,0,
401014998,2018,4,2018-09-22,regular,Southern Miss,Rice,40,22,0,regular,regular,0,
401021663,2018,4,2018-09-22,regular,Louisiana,Coastal Carolina,28,30,0,regular,regular,0,
401013066,2018,4,2018-09-22,regular,Oklahoma,Army,28,21,0,regular,regular,0,
401012854,2018,4,2018-09-22,regular,Indiana,Michigan State,21,35,0,regular,regular,0,
401013440,2018,4,2018-09-22,regular,UTEP,New Mexico State,20,27,0,regular,regular,0,
401012285,2018,4,2018-09-22,regular,Auburn,Arkansas,34,3,0,regular,regular,0,
401012749,2018,4,2018-09-23,regular,Oregon,Stanford,31,38,0,regular,regular,0,
401019492,2018,4,2018-09-23,regular,South Florida,East Carolina,20,13,0,regular,regular,0,
401019494,2018,4,2018-09-23,regular,Memphis,South Alabama,52,35,0,regular,regular,0,
401012865,2018,4,2018-09-23,regular,Iowa,Wisconsin,17,28,0,regular,regular,0,
401022522,2018,4,2018-09-23,regular,Utah State,Air Force,42,32,0,regular,regular,0,
401020683,2018,4,2018-09-23,regular,San Diego State,Eastern Michigan,23,20,0,regular,regular,0,
401012751,2018,4,2018-09-23,regular,Washington,Arizona State,27,20,0,regular,regular,0,
401013466,2018,5,2018-09-28,regular,Miami,North Carolina,47,10,0,regular,regular,0,
401019496,2018,5,2018-09-29,regular,Tulane,Memphis,40,24,0,regular,regular,0,
401012752,2018,5,2018-09-29,regular,Colorado,UCLA,38,16,0,regular,regular,0,
401013131,2018,5,2018-09-29,regular,Clemson,Syracuse,27,23,0,regular,regular,0,
401012824,2018,5,2018-09-29,regular,Rutgers,Indiana,17,24,0,regular,regular,0,
401013369,2018,5,2018-09-29,regular,Buffalo,Army,13,42,0,regular,regular,0,
401013050,2018,5,2018-09-29,regular,Kansas,Oklahoma State,28,48,0,regular,regular,0,
401012881,2018,5,2018-09-29,regular,Michigan State,Central Michigan,31,20,0,regular,regular,0,
401013130,2018,5,2018-09-29,regular,Boston College,Temple,45,35,0,regular,regular,0,
401012292,2018,5,2018-09-29,regular,Alabama,Louisiana,56,14,0,regular,regular,0,
401012293,2018,5,2018-09-29,regular,Texas A&M,Arkansas,24,17,0,regular,regular,1,
401013134,2018,5,2018-09-29,regular,Georgia Tech,Bowling Green,63,17,0,regular,regular,0,
401013325,2018,5,2018-09-29,regular,Texas Tech,West Virginia,34,42,0,regular,regular,0,
401013135,2018,5,2018-09-29,regular,NC State,Virginia,35,21,0,regular,regular,0,
401013361,2018,5,2018-09-29,regular,Ohio,Massachusetts,58,42,0,regular,regular,0,
401021668,2018,5,2018-09-29,regular,Georgia State,UL Monroe,46,14,0,regular,regular,0,
401020687,2018,5,2018-09-29,regular,Ball State,Kent State,52,24,0,regular,regular,0,
401012295,2018,5,2018-09-29,regular,Georgia,Tennessee,38,12,0,regular,regular,0,
401013338,2018,5,2018-09-29,regular,Nebraska,Purdue,28,42,0,regular,regular,0,
401019497,2018,5,2018-09-29,regular,UConn,Cincinnati,7,49,0,regular,regular,0,
401013060,2018,5,2018-09-29,regular,Kansas State,Texas,14,19,0,regular,regular,0,
401020750,2018,5,2018-09-29,regular,Miami (OH),Western Michigan,39,40,0,regular,regular,0,
401013137,2018,5,2018-09-29,regular,Wake Forest,Rice,56,24,0,regular,regular,0,
401013133,2018,5,2018-09-29,regular,Louisville,Florida State,24,28,0,regular,regular,0,
401013136,2018,5,2018-09-29,regular,UCF,Pittsburgh,45,14,0,regular,regular,0,
401021667,2018,5,2018-09-29,regular,Troy,Coastal Carolina,45,21,0,regular,regular,0,
401021665,2018,5,2018-09-29,regular,App State,South Alabama,52,7,0,regular,regular,0,
401015006,2018,5,2018-09-29,regular,East Carolina,Old Dominion,37,35,0,regular,regular,0,
401013030,2018,5,2018-09-29,regular,Oklahoma,Baylor,66,33,0,regular,regular,0,
401022525,2018,5,2018-09-29,regular,Air Force,Nevada,25,28,0,regular,regular,0,
401012294,2018,5,2018-09-29,regular,Auburn,Southern Miss,24,13,0,regular,regular,0,
401012892,2018,5,2018-09-29,regular,Northwestern,Michigan,17,20,0,regular,regular,0,
401012756,2018,5,2018-09-29,regular,Washington State,Utah,28,24,0,regular,regular,0,
401013451,2018,5,2018-09-29,regular,New Mexico,Liberty,43,52,0,regular,regular,0,
401020688,2018,5,2018-09-29,regular,Eastern Michigan,Northern Illinois,23,26,0,regular,regular,0,
401021666,2018,5,2018-09-29,regular,Georgia Southern,Arkansas State,28,21,0,regular,regular,0,
401012298,2018,5,2018-09-29,regular,Mississippi State,Florida,6,13,0,regular,regular,0,
401015003,2018,5,2018-09-29,regular,Middle Tennessee,Florida Atlantic,25,24,0,regular,regular,0,
401013041,2018,5,2018-09-29,regular,TCU,Iowa State,17,14,0,regular,regular,0,
401022527,2018,5,2018-09-29,regular,San José State,Hawai'i,41,44,0,regular,regular,0,
401015001,2018,5,2018-09-29,regular,UAB,Charlotte,28,7,0,regular,regular,0,
401022526,2018,5,2018-09-29,regular,Wyoming,Boise State,14,34,0,regular,regular,0,
401015007,2018,5,2018-09-29,regular,UTSA,UTEP,30,21,0,regular,regular,0,
401013132,2018,5,2018-09-29,regular,Duke,Virginia Tech,14,31,0,regular,regular,0,
401015005,2018,5,2018-09-29,regular,Western Kentucky,Marshall,17,20,0,regular,regular,0,
401015004,2018,5,2018-09-29,regular,North Texas,Louisiana Tech,27,29,0,regular,regular,0,
401012758,2018,5,2018-09-29,regular,Notre Dame,Stanford,38,17,0,regular,regular,0,
401013347,2018,5,2018-09-29,regular,Penn State,Ohio State,26,27,0,regular,regular,0,
401012296,2018,5,2018-09-29,regular,Kentucky,South Carolina,24,10,0,regular,regular,0,
401012755,2018,5,2018-09-30,regular,Washington,BYU,35,7,0,regular,regular,0,
401012297,2018,5,2018-09-30,regular,LSU,Ole Miss,45,16,0,regular,regular,0,
401012754,2018,5,2018-09-30,regular,Arizona State,Oregon State,52,24,0,regular,regular,0,
401012757,2018,5,2018-09-30,regular,California,Oregon,24,42,0,regular,regular,0,
401012753,2018,5,2018-09-30,regular,Arizona,USC,20,24,0,regular,regular,0,
401020689,2018,5,2018-09-30,regular,Fresno State,Toledo,49,27,0,regular,regular,0,
401021669,2018,6,2018-10-04,regular,Troy,Georgia State,37,20,0,regular,regular,0,
401019499,2018,6,2018-10-05,regular,Houston,Tulsa,41,26,0,regular,regular,0,
401013138,2018,6,2018-10-05,regular,Louisville,Georgia Tech,31,66,0,regular,regular,0,
401015010,2018,6,2018-10-05,regular,Marshall,Middle Tennessee,24,34,0,regular,regular,0,
401016407,2018,6,2018-10-06,regular,BYU,Utah State,20,45,0,regular,regular,0,
401013051,2018,6,2018-10-06,regular,West Virginia,Kansas,38,22,0,regular,regular,0,
401012300,2018,6,2018-10-06,regular,Arkansas,Alabama,31,65,0,regular,regular,0,
401012882,2018,6,2018-10-06,regular,Michigan State,Northwestern,19,29,0,regular,regular,0,
401020753,2018,6,2018-10-06,regular,Western Michigan,Eastern Michigan,27,24,0,regular,regular,0,
401020752,2018,6,2018-10-06,regular,Central Michigan,Buffalo,24,34,0,regular,regular,0,
401019501,2018,6,2018-10-06,regular,Cincinnati,Tulane,37,21,0,regular,regular,0,
401012305,2018,6,2018-10-06,regular,South Carolina,Missouri,37,35,0,regular,regular,0,
401019503,2018,6,2018-10-06,regular,Temple,East Carolina,49,6,0,regular,regular,0,
401013067,2018,6,2018-10-06,regular,Oklahoma,Texas,45,48,0,regular,regular,1,
401012808,2018,6,2018-10-06,regular,Rutgers,Illinois,17,38,0,regular,regular,0,
401012876,2018,6,2018-10-06,regular,Michigan,Maryland,42,21,0,regular,regular,0,
401013142,2018,6,2018-10-06,regular,Pittsburgh,Syracuse,44,37,0,regular,regular,0,
401013139,2018,6,2018-10-06,regular,NC State,Boston College,28,23,0,regular,regular,0,
401020754,2018,6,2018-10-06,regular,Ball State,Northern Illinois,16,24,0,regular,regular,0,
401022528,2018,6,2018-10-06,regular,Boise State,San Diego State,13,19,0,regular,regular,0,
401021670,2018,6,2018-10-06,regular,Georgia Southern,South Alabama,48,13,0,regular,regular,0,
401020751,2018,6,2018-10-06,regular,Toledo,Bowling Green,52,36,0,regular,regular,0,
401020812,2018,6,2018-10-06,regular,Akron,Miami (OH),17,41,0,regular,regular,0,
401013362,2018,6,2018-10-06,regular,Massachusetts,South Florida,42,58,0,regular,regular,0,
401020755,2018,6,2018-10-06,regular,Kent State,Ohio,26,27,0,regular,regular,0,
401019504,2018,6,2018-10-06,regular,Air Force,Navy,35,7,0,regular,regular,0,
401013031,2018,6,2018-10-06,regular,Baylor,Kansas State,37,34,0,regular,regular,0,
401013042,2018,6,2018-10-06,regular,Oklahoma State,Iowa State,42,48,0,regular,regular,0,
401012866,2018,6,2018-10-06,regular,Minnesota,Iowa,31,48,0,regular,regular,0,
401013140,2018,6,2018-10-06,regular,Wake Forest,Clemson,3,63,0,regular,regular,0,
401012301,2018,6,2018-10-06,regular,Florida,LSU,27,19,0,regular,regular,0,
401013141,2018,6,2018-10-06,regular,Miami,Florida State,28,27,0,regular,regular,0,
401012761,2018,6,2018-10-06,regular,Colorado,Arizona State,28,21,0,regular,regular,0,
401022530,2018,6,2018-10-06,regular,UNLV,New Mexico,14,50,0,regular,regular,0,
401012855,2018,6,2018-10-06,regular,Ohio State,Indiana,49,26,0,regular,regular,0,
401012303,2018,6,2018-10-06,regular,Ole Miss,UL Monroe,70,21,0,regular,regular,0,
401015008,2018,6,2018-10-06,regular,Florida Atlantic,Old Dominion,52,33,0,regular,regular,0,
401015012,2018,6,2018-10-06,regular,Rice,UTSA,3,20,0,regular,regular,0,
401019500,2018,6,2018-10-06,regular,UCF,SMU,48,20,0,regular,regular,0,
401021671,2018,6,2018-10-06,regular,Texas State,Louisiana,27,42,0,regular,regular,0,
401015009,2018,6,2018-10-06,regular,Louisiana Tech,UAB,7,28,0,regular,regular,0,
401012306,2018,6,2018-10-06,regular,Texas A&M,Kentucky,20,14,0,regular,regular,0,
401019502,2018,6,2018-10-06,regular,Memphis,UConn,55,14,0,regular,regular,0,
401013339,2018,6,2018-10-06,regular,Wisconsin,Nebraska,41,24,0,regular,regular,0,
401012304,2018,6,2018-10-06,regular,Mississippi State,Auburn,23,9,0,regular,regular,0,
401012302,2018,6,2018-10-06,regular,Georgia,Vanderbilt,41,13,0,regular,regular,0,
401015011,2018,6,2018-10-06,regular,UTEP,North Texas,24,27,0,regular,regular,0,
401012760,2018,6,2018-10-06,regular,UCLA,Washington,24,31,0,regular,regular,0,
401013143,2018,6,2018-10-07,regular,Virginia Tech,Notre Dame,23,45,0,regular,regular,0,
401013441,2018,6,2018-10-07,regular,New Mexico State,Liberty,49,41,0,regular,regular,0,
401012762,2018,6,2018-10-07,regular,Oregon State,Washington State,37,56,0,regular,regular,0,
401012759,2018,6,2018-10-07,regular,Arizona,California,24,17,0,regular,regular,0,
401012763,2018,6,2018-10-07,regular,Stanford,Utah,21,40,0,regular,regular,0,
401022529,2018,6,2018-10-07,regular,San José State,Colorado State,30,42,0,regular,regular,0,
401022532,2018,6,2018-10-07,regular,Nevada,Fresno State,3,21,0,regular,regular,0,
401022531,2018,6,2018-10-07,regular,Hawai'i,Wyoming,17,13,0,regular,regular,0,
401021672,2018,7,2018-10-10,regular,Arkansas State,App State,9,35,0,regular,regular,0,
401021673,2018,7,2018-10-11,regular,Texas State,Georgia Southern,13,15,0,regular,regular,0,
401013076,2018,7,2018-10-11,regular,TCU,Texas Tech,14,17,0,regular,regular,0,
401019505,2018,7,2018-10-12,regular,Tulsa,South Florida,24,25,0,regular,regular,0,
401022533,2018,7,2018-10-13,regular,San Diego State,Air Force,21,17,0,regular,regular,0,
401012764,2018,7,2018-10-13,regular,Utah,Arizona,42,10,0,regular,regular,0,
401020756,2018,7,2018-10-13,regular,Buffalo,Akron,24,6,0,regular,regular,0,
401012312,2018,7,2018-10-13,regular,Vanderbilt,Florida,27,37,0,regular,regular,0,
401012856,2018,7,2018-10-13,regular,Indiana,Iowa,16,42,0,regular,regular,0,
401013061,2018,7,2018-10-13,regular,Kansas State,Oklahoma State,31,12,0,regular,regular,0,
401012309,2018,7,2018-10-13,regular,Auburn,Tennessee,24,30,0,regular,regular,0,
401012825,2018,7,2018-10-13,regular,Maryland,Rutgers,34,7,0,regular,regular,0,
401013340,2018,7,2018-10-13,regular,Northwestern,Nebraska,34,31,0,regular,regular,0,
401013331,2018,7,2018-10-13,regular,Ohio State,Minnesota,30,14,0,regular,regular,0,
401020759,2018,7,2018-10-13,regular,Eastern Michigan,Toledo,28,26,0,regular,regular,0,
401013145,2018,7,2018-10-13,regular,Georgia Tech,Duke,14,28,0,regular,regular,0,
401013144,2018,7,2018-10-13,regular,Boston College,Louisville,38,20,0,regular,regular,0,
401015018,2018,7,2018-10-13,regular,Rice,UAB,0,42,0,regular,regular,0,
401013452,2018,7,2018-10-13,regular,Liberty,Troy,22,16,0,regular,regular,0,
401015017,2018,7,2018-10-13,regular,North Texas,Southern Miss,30,7,0,regular,regular,0,
401020810,2018,7,2018-10-13,regular,Miami (OH),Kent State,31,6,0,regular,regular,0,
401013148,2018,7,2018-10-13,regular,Notre Dame,Pittsburgh,19,14,0,regular,regular,0,
401020760,2018,7,2018-10-13,regular,Bowling Green,Western Michigan,35,42,0,regular,regular,0,
401020757,2018,7,2018-10-13,regular,Central Michigan,Ball State,23,24,0,regular,regular,0,
401012310,2018,7,2018-10-13,regular,LSU,Georgia,36,16,0,regular,regular,0,
401013032,2018,7,2018-10-13,regular,Texas,Baylor,23,17,0,regular,regular,0,
401012766,2018,7,2018-10-13,regular,Oregon,Washington,30,27,0,regular,regular,0,
401012311,2018,7,2018-10-13,regular,South Carolina,Texas A&M,23,26,0,regular,regular,0,
401019506,2018,7,2018-10-13,regular,Memphis,UCF,30,31,0,regular,regular,0,
401015016,2018,7,2018-10-13,regular,Old Dominion,Marshall,20,42,0,regular,regular,0,
401012883,2018,7,2018-10-13,regular,Penn State,Michigan State,17,21,0,regular,regular,0,
401013370,2018,7,2018-10-13,regular,San José State,Army,3,52,0,regular,regular,1,
401019508,2018,7,2018-10-13,regular,Navy,Temple,17,24,0,regular,regular,0,
401012809,2018,7,2018-10-13,regular,Illinois,Purdue,7,46,0,regular,regular,0,
401020758,2018,7,2018-10-13,regular,Northern Illinois,Ohio,24,21,0,regular,regular,0,
401015013,2018,7,2018-10-13,regular,Charlotte,Western Kentucky,40,14,0,regular,regular,0,
401022536,2018,7,2018-10-13,regular,Utah State,UNLV,59,28,0,regular,regular,0,
401022535,2018,7,2018-10-13,regular,Colorado State,New Mexico,20,18,0,regular,regular,0,
401013442,2018,7,2018-10-13,regular,Louisiana,New Mexico State,66,38,0,regular,regular,0,
401021674,2018,7,2018-10-13,regular,Coastal Carolina,UL Monroe,20,45,0,regular,regular,0,
401013147,2018,7,2018-10-13,regular,North Carolina,Virginia Tech,19,22,0,regular,regular,0,
401015015,2018,7,2018-10-13,regular,UTSA,Louisiana Tech,3,31,0,regular,regular,0,
401012767,2018,7,2018-10-13,regular,California,UCLA,7,37,0,regular,regular,0,
401012307,2018,7,2018-10-13,regular,Alabama,Missouri,39,10,0,regular,regular,0,
401019507,2018,7,2018-10-13,regular,East Carolina,Houston,20,42,0,regular,regular,0,
401013146,2018,7,2018-10-13,regular,Virginia,Miami,16,13,0,regular,regular,0,
401013043,2018,7,2018-10-13,regular,Iowa State,West Virginia,30,14,0,regular,regular,0,
401012893,2018,7,2018-10-13,regular,Michigan,Wisconsin,38,13,0,regular,regular,0,
401015014,2018,7,2018-10-13,regular,Florida International,Middle Tennessee,24,21,0,regular,regular,0,
401012308,2018,7,2018-10-13,regular,Arkansas,Ole Miss,33,37,0,regular,regular,0,
401016408,2018,7,2018-10-14,regular,BYU,Hawai'i,49,23,0,regular,regular,0,
401022537,2018,7,2018-10-14,regular,Fresno State,Wyoming,27,3,0,regular,regular,0,
401022534,2018,7,2018-10-14,regular,Nevada,Boise State,27,31,0,regular,regular,0,
401012765,2018,7,2018-10-14,regular,USC,Colorado,31,20,0,regular,regular,0,
401021676,2018,8,2018-10-18,regular,Arkansas State,Georgia State,51,35,0,regular,regular,0,
401012768,2018,8,2018-10-19,regular,Arizona State,Stanford,13,20,0,regular,regular,0,
401022538,2018,8,2018-10-20,regular,Boise State,Colorado State,56,28,0,regular,regular,0,
401022539,2018,8,2018-10-20,regular,UNLV,Air Force,35,41,0,regular,regular,0,
401019510,2018,8,2018-10-20,regular,Temple,Cincinnati,24,17,0,regular,regular,0,
401012316,2018,8,2018-10-20,regular,Ole Miss,Auburn,16,31,0,regular,regular,0,
401012810,2018,8,2018-10-20,regular,Wisconsin,Illinois,49,20,0,regular,regular,0,
401012846,2018,8,2018-10-20,regular,Rutgers,Northwestern,15,18,0,regular,regular,0,
401020763,2018,8,2018-10-20,regular,Toledo,Buffalo,17,31,0,regular,regular,0,
401013371,2018,8,2018-10-20,regular,Army,Miami (OH),31,30,0,regular,regular,0,
401012884,2018,8,2018-10-20,regular,Michigan State,Michigan,7,21,0,regular,regular,0,
401012313,2018,8,2018-10-20,regular,Arkansas,Tulsa,23,0,0,regular,regular,0,
401012867,2018,8,2018-10-20,regular,Iowa,Maryland,23,0,0,regular,regular,0,
401013068,2018,8,2018-10-20,regular,TCU,Oklahoma,27,52,0,regular,regular,0,
401013152,2018,8,2018-10-20,regular,Syracuse,North Carolina,40,37,0,regular,regular,0,
401013150,2018,8,2018-10-20,regular,Duke,Virginia,14,28,0,regular,regular,0,
401020762,2018,8,2018-10-20,regular,Ohio,Bowling Green,49,14,0,regular,regular,0,
401022540,2018,8,2018-10-20,regular,Wyoming,Utah State,16,24,0,regular,regular,0,
401015021,2018,8,2018-10-20,regular,Marshall,Florida Atlantic,31,7,0,regular,regular,0,
401020765,2018,8,2018-10-20,regular,Central Michigan,Western Michigan,10,35,0,regular,regular,0,
401015019,2018,8,2018-10-20,regular,Middle Tennessee,Charlotte,21,13,0,regular,regular,0,
401020764,2018,8,2018-10-20,regular,Ball State,Eastern Michigan,20,42,0,regular,regular,0,
401013363,2018,8,2018-10-20,regular,Massachusetts,Coastal Carolina,13,24,0,regular,regular,0,
401019513,2018,8,2018-10-20,regular,Tulane,SMU,23,27,0,regular,regular,0,
401012772,2018,8,2018-10-20,regular,Washington,Colorado,27,13,0,regular,regular,0,
401013052,2018,8,2018-10-20,regular,Texas Tech,Kansas,48,16,0,regular,regular,0,
401013151,2018,8,2018-10-20,regular,Florida State,Wake Forest,38,17,0,regular,regular,0,
401021677,2018,8,2018-10-20,regular,App State,Louisiana,27,17,0,regular,regular,0,
401013332,2018,8,2018-10-20,regular,Nebraska,Minnesota,53,28,0,regular,regular,0,
401015022,2018,8,2018-10-20,regular,Louisiana Tech,UTEP,31,24,0,regular,regular,0,
401012318,2018,8,2018-10-20,regular,Tennessee,Alabama,21,58,0,regular,regular,0,
401012857,2018,8,2018-10-20,regular,Indiana,Penn State,28,33,0,regular,regular,0,
401020761,2018,8,2018-10-20,regular,Kent State,Akron,23,24,0,regular,regular,0,
401019512,2018,8,2018-10-20,regular,Navy,Houston,36,49,0,regular,regular,0,
401013149,2018,8,2018-10-20,regular,Clemson,NC State,41,7,0,regular,regular,0,
401012317,2018,8,2018-10-20,regular,Missouri,Memphis,65,33,0,regular,regular,0,
401012771,2018,8,2018-10-20,regular,Oregon State,California,7,49,0,regular,regular,0,
401013443,2018,8,2018-10-20,regular,New Mexico State,Georgia Southern,31,48,0,regular,regular,0,
401021678,2018,8,2018-10-20,regular,UL Monroe,Texas State,20,14,0,regular,regular,0,
401015025,2018,8,2018-10-20,regular,Southern Miss,UTSA,27,17,0,regular,regular,0,
401012315,2018,8,2018-10-20,regular,LSU,Mississippi State,19,3,0,regular,regular,0,
401019511,2018,8,2018-10-20,regular,South Florida,UConn,38,30,0,regular,regular,0,
401019509,2018,8,2018-10-20,regular,East Carolina,UCF,10,37,0,regular,regular,0,
401012773,2018,8,2018-10-20,regular,Washington State,Oregon,34,20,0,regular,regular,0,
401022541,2018,8,2018-10-20,regular,New Mexico,Fresno State,7,38,0,regular,regular,0,
401012314,2018,8,2018-10-20,regular,Kentucky,Vanderbilt,14,7,0,regular,regular,0,
401015024,2018,8,2018-10-20,regular,Western Kentucky,Old Dominion,34,37,0,regular,regular,0,
401015020,2018,8,2018-10-20,regular,Florida International,Rice,36,17,0,regular,regular,0,
401015023,2018,8,2018-10-20,regular,UAB,North Texas,29,21,0,regular,regular,0,
401013348,2018,8,2018-10-20,regular,Purdue,Ohio State,49,20,0,regular,regular,0,
401012770,2018,8,2018-10-21,regular,Utah,USC,41,28,0,regular,regular,0,
401012769,2018,8,2018-10-21,regular,UCLA,Arizona,31,30,0,regular,regular,0,
401022543,2018,8,2018-10-21,regular,San Diego State,San José State,16,13,0,regular,regular,0,
401022542,2018,8,2018-10-21,regular,Hawai'i,Nevada,22,40,0,regular,regular,0,
401021679,2018,9,2018-10-24,regular,South Alabama,Troy,17,38,0,regular,regular,0,
401020767,2018,9,2018-10-25,regular,Western Michigan,Toledo,24,51,0,regular,regular,0,
401020766,2018,9,2018-10-25,regular,Ohio,Ball State,52,14,0,regular,regular,0,
401013033,2018,9,2018-10-25,regular,West Virginia,Baylor,58,14,0,regular,regular,0,
401021680,2018,9,2018-10-25,regular,Georgia Southern,App State,34,14,0,regular,regular,0,
401013153,2018,9,2018-10-25,regular,Virginia Tech,Georgia Tech,28,49,0,regular,regular,0,
401015028,2018,9,2018-10-26,regular,Florida Atlantic,Louisiana Tech,13,21,0,regular,regular,0,
401013154,2018,9,2018-10-26,regular,Boston College,Miami,27,14,0,regular,regular,0,
401012858,2018,9,2018-10-27,regular,Minnesota,Indiana,38,31,0,regular,regular,0,
401022546,2018,9,2018-10-27,regular,Colorado State,Wyoming,21,34,0,regular,regular,0,
401012774,2018,9,2018-10-27,regular,UCLA,Utah,10,41,0,regular,regular,0,
401013157,2018,9,2018-10-27,regular,Louisville,Wake Forest,35,56,0,regular,regular,0,
401012319,2018,9,2018-10-27,regular,Arkansas,Vanderbilt,31,45,0,regular,regular,0,
401013372,2018,9,2018-10-27,regular,Eastern Michigan,Army,22,37,0,regular,regular,0,
401012885,2018,9,2018-10-27,regular,Michigan State,Purdue,23,13,0,regular,regular,0,
401013044,2018,9,2018-10-27,regular,Iowa State,Texas Tech,40,31,0,regular,regular,0,
401013364,2018,9,2018-10-27,regular,UConn,Massachusetts,17,22,0,regular,regular,0,
401013344,2018,9,2018-10-27,regular,Northwestern,Wisconsin,31,17,0,regular,regular,0,
401013155,2018,9,2018-10-27,regular,Florida State,Clemson,10,59,0,regular,regular,0,
401020768,2018,9,2018-10-27,regular,Akron,Central Michigan,17,10,0,regular,regular,0,
401013158,2018,9,2018-10-27,regular,Virginia,North Carolina,31,21,0,regular,regular,0,
401015026,2018,9,2018-10-27,regular,Charlotte,Southern Miss,20,17,0,regular,regular,0,
401021682,2018,9,2018-10-27,regular,Georgia State,Coastal Carolina,34,37,0,regular,regular,0,
401012777,2018,9,2018-10-27,regular,Colorado,Oregon State,34,41,0,regular,regular,0,
401013053,2018,9,2018-10-27,regular,Kansas,TCU,27,26,0,regular,regular,0,
401012320,2018,9,2018-10-27,regular,Georgia,Florida,36,17,0,regular,regular,1,
401013062,2018,9,2018-10-27,regular,Oklahoma,Kansas State,51,14,0,regular,regular,0,
401016409,2018,9,2018-10-27,regular,BYU,Northern Illinois,6,7,0,regular,regular,0,
401015029,2018,9,2018-10-27,regular,Old Dominion,Middle Tennessee,17,51,0,regular,regular,0,
401013156,2018,9,2018-10-27,regular,Pittsburgh,Duke,54,45,0,regular,regular,0,
401012811,2018,9,2018-10-27,regular,Maryland,Illinois,63,33,0,regular,regular,0,
401012776,2018,9,2018-10-27,regular,USC,Arizona State,35,38,0,regular,regular,0,
401019514,2018,9,2018-10-27,regular,SMU,Cincinnati,20,26,0,regular,regular,0,
401019515,2018,9,2018-10-27,regular,Houston,South Florida,57,36,0,regular,regular,0,
401012868,2018,9,2018-10-27,regular,Penn State,Iowa,30,24,0,regular,regular,0,
401012322,2018,9,2018-10-27,regular,Missouri,Kentucky,14,15,0,regular,regular,0,
401015030,2018,9,2018-10-27,regular,North Texas,Rice,41,17,0,regular,regular,0,
401022545,2018,9,2018-10-27,regular,Utah State,New Mexico,61,19,0,regular,regular,0,
401022549,2018,9,2018-10-27,regular,San José State,UNLV,50,37,0,regular,regular,0,
401012778,2018,9,2018-10-27,regular,California,Washington,12,10,0,regular,regular,0,
401013159,2018,9,2018-10-27,regular,Syracuse,NC State,51,41,0,regular,regular,0,
401013444,2018,9,2018-10-27,regular,Texas State,New Mexico State,27,20,0,regular,regular,0,
401012779,2018,9,2018-10-27,regular,Stanford,Washington State,38,41,0,regular,regular,0,
401012321,2018,9,2018-10-27,regular,Mississippi State,Texas A&M,28,13,0,regular,regular,0,
401021681,2018,9,2018-10-27,regular,Louisiana,Arkansas State,47,43,0,regular,regular,0,
401022544,2018,9,2018-10-27,regular,Air Force,Boise State,38,48,0,regular,regular,0,
401019516,2018,9,2018-10-27,regular,Tulsa,Tulane,17,24,0,regular,regular,0,
401015027,2018,9,2018-10-27,regular,Western Kentucky,Florida International,17,38,0,regular,regular,0,
401012323,2018,9,2018-10-27,regular,South Carolina,Tennessee,27,24,0,regular,regular,0,
401015031,2018,9,2018-10-27,regular,UTEP,UAB,0,19,0,regular,regular,0,
401013320,2018,9,2018-10-28,regular,Oklahoma State,Texas,38,35,0,regular,regular,0,
401013189,2018,9,2018-10-28,regular,Navy,Notre Dame,22,44,0,regular,regular,1,
401022548,2018,9,2018-10-28,regular,Nevada,San Diego State,28,24,0,regular,regular,0,
401012775,2018,9,2018-10-28,regular,Arizona,Oregon,44,15,0,regular,regular,0,
401022547,2018,9,2018-10-28,regular,Fresno State,Hawai'i,50,20,0,regular,regular,0,
401020769,2018,10,2018-10-31,regular,Bowling Green,Kent State,28,35,0,regular,regular,0,
401020770,2018,10,2018-10-31,regular,Buffalo,Miami (OH),51,42,0,regular,regular,0,
401020771,2018,10,2018-10-31,regular,Toledo,Ball State,45,13,0,regular,regular,0,
401020772,2018,10,2018-11-01,regular,Akron,Northern Illinois,26,36,0,regular,regular,0,
401020773,2018,10,2018-11-01,regular,Western Michigan,Ohio,14,59,0,regular,regular,0,
401019517,2018,10,2018-11-01,regular,UCF,Temple,52,40,0,regular,regular,0,
401013160,2018,10,2018-11-02,regular,Virginia,Pittsburgh,13,23,0,regular,regular,0,
401015034,2018,10,2018-11-03,regular,Middle Tennessee,Western Kentucky,29,10,0,regular,regular,0,
401012780,2018,10,2018-11-03,regular,Arizona,Colorado,42,34,0,regular,regular,0,
401013373,2018,10,2018-11-03,regular,Army,Air Force,17,14,0,regular,regular,0,
401012847,2018,10,2018-11-03,regular,Wisconsin,Rutgers,31,17,0,regular,regular,0,
401013045,2018,10,2018-11-03,regular,Kansas,Iowa State,3,27,0,regular,regular,0,
401013341,2018,10,2018-11-03,regular,Ohio State,Nebraska,36,31,0,regular,regular,0,
401013162,2018,10,2018-11-03,regular,Clemson,Louisville,77,16,0,regular,regular,0,
401013166,2018,10,2018-11-03,regular,Wake Forest,Syracuse,24,41,0,regular,regular,0,
401012877,2018,10,2018-11-03,regular,Maryland,Michigan State,3,24,0,regular,regular,0,
401020774,2018,10,2018-11-03,regular,Eastern Michigan,Central Michigan,17,7,0,regular,regular,0,
401013034,2018,10,2018-11-03,regular,Baylor,Oklahoma State,35,31,0,regular,regular,0,
401012328,2018,10,2018-11-03,regular,Ole Miss,South Carolina,44,48,0,regular,regular,0,
401012324,2018,10,2018-11-03,regular,Auburn,Texas A&M,28,24,0,regular,regular,0,
401019520,2018,10,2018-11-03,regular,East Carolina,Memphis,41,59,0,regular,regular,0,
401013165,2018,10,2018-11-03,regular,North Carolina,Georgia Tech,28,38,0,regular,regular,0,
401021686,2018,10,2018-11-03,regular,Georgia State,Texas State,30,40,0,regular,regular,0,
401022552,2018,10,2018-11-03,regular,Wyoming,San José State,24,9,0,regular,regular,0,
401021684,2018,10,2018-11-03,regular,Arkansas State,South Alabama,38,14,0,regular,regular,0,
401021685,2018,10,2018-11-03,regular,UL Monroe,Georgia Southern,44,25,0,regular,regular,0,
401015033,2018,10,2018-11-03,regular,Southern Miss,Marshall,26,24,0,regular,regular,0,
401012326,2018,10,2018-11-03,regular,Kentucky,Georgia,17,34,0,regular,regular,0,
401019518,2018,10,2018-11-03,regular,Cincinnati,Navy,42,0,0,regular,regular,0,
401013164,2018,10,2018-11-03,regular,NC State,Florida State,47,28,0,regular,regular,0,
401013365,2018,10,2018-11-03,regular,Massachusetts,Liberty,62,59,0,regular,regular,0,
401012869,2018,10,2018-11-03,regular,Purdue,Iowa,38,36,0,regular,regular,0,
401015035,2018,10,2018-11-03,regular,Rice,UTEP,26,34,0,regular,regular,0,
401019521,2018,10,2018-11-03,regular,South Florida,Tulane,15,41,0,regular,regular,0,
401013188,2018,10,2018-11-03,regular,Texas,West Virginia,41,42,0,regular,regular,0,
401012812,2018,10,2018-11-03,regular,Illinois,Minnesota,55,31,0,regular,regular,0,
401021687,2018,10,2018-11-03,regular,Troy,Louisiana,26,16,0,regular,regular,0,
401013063,2018,10,2018-11-03,regular,TCU,Kansas State,14,13,0,regular,regular,0,
401013161,2018,10,2018-11-03,regular,Virginia Tech,Boston College,21,31,0,regular,regular,0,
401012894,2018,10,2018-11-03,regular,Michigan,Penn State,42,7,0,regular,regular,0,
401012325,2018,10,2018-11-03,regular,Florida,Missouri,17,38,0,regular,regular,0,
401012781,2018,10,2018-11-03,regular,Arizona State,Utah,38,20,0,regular,regular,0,
401012330,2018,10,2018-11-03,regular,Tennessee,Charlotte,14,3,0,regular,regular,0,
401021683,2018,10,2018-11-03,regular,Coastal Carolina,App State,7,23,0,regular,regular,0,
401019522,2018,10,2018-11-03,regular,SMU,Houston,45,31,0,regular,regular,0,
401019519,2018,10,2018-11-03,regular,Tulsa,UConn,49,19,0,regular,regular,0,
401013163,2018,10,2018-11-03,regular,Miami,Duke,12,20,0,regular,regular,0,
401013345,2018,10,2018-11-03,regular,Northwestern,Notre Dame,21,31,0,regular,regular,0,
401012329,2018,10,2018-11-03,regular,Mississippi State,Louisiana Tech,45,3,0,regular,regular,0,
401015036,2018,10,2018-11-03,regular,UAB,UTSA,52,3,0,regular,regular,0,
401012782,2018,10,2018-11-03,regular,Oregon,UCLA,42,21,0,regular,regular,0,
401015032,2018,10,2018-11-03,regular,Florida International,Florida Atlantic,14,49,0,regular,regular,0,
401013069,2018,10,2018-11-04,regular,Texas Tech,Oklahoma,46,51,0,regular,regular,0,
401012327,2018,10,2018-11-04,regular,LSU,Alabama,0,29,0,regular,regular,0,
401012784,2018,10,2018-11-04,regular,Washington,Stanford,27,23,0,regular,regular,0,
401012783,2018,10,2018-11-04,regular,Oregon State,USC,21,38,0,regular,regular,0,
401022550,2018,10,2018-11-04,regular,New Mexico,San Diego State,23,31,0,regular,regular,0,
401016410,2018,10,2018-11-04,regular,Boise State,BYU,21,16,0,regular,regular,0,
401022553,2018,10,2018-11-04,regular,UNLV,Fresno State,3,48,0,regular,regular,0,
401012785,2018,10,2018-11-04,regular,Washington State,California,19,13,0,regular,regular,0,
401022551,2018,10,2018-11-04,regular,Hawai'i,Utah State,17,56,0,regular,regular,0,
401020775,2018,11,2018-11-07,regular,Buffalo,Kent State,48,14,0,regular,regular,0,
401020776,2018,11,2018-11-08,regular,Miami (OH),Ohio,30,28,0,regular,regular,0,
401020777,2018,11,2018-11-08,regular,Northern Illinois,Toledo,38,15,0,regular,regular,0,
401013167,2018,11,2018-11-09,regular,NC State,Wake Forest,23,27,0,regular,regular,0,
401013168,2018,11,2018-11-10,regular,Syracuse,Louisville,54,23,0,regular,regular,0,
401022556,2018,11,2018-11-10,regular,Boise State,Fresno State,24,17,0,regular,regular,0,
401012337,2018,11,2018-11-10,regular,Texas A&M,Ole Miss,38,24,0,regular,regular,0,
401012333,2018,11,2018-11-10,regular,Florida,South Carolina,35,31,0,regular,regular,0,
401013077,2018,11,2018-11-10,regular,West Virginia,TCU,47,10,0,regular,regular,0,
401019528,2018,11,2018-11-10,regular,Memphis,Tulsa,47,21,0,regular,regular,0,
401020778,2018,11,2018-11-10,regular,Eastern Michigan,Akron,27,7,0,regular,regular,0,
401013366,2018,11,2018-11-10,regular,Massachusetts,BYU,16,35,0,regular,regular,0,
401012813,2018,11,2018-11-10,regular,Nebraska,Illinois,54,35,0,regular,regular,0,
401012859,2018,11,2018-11-10,regular,Indiana,Maryland,34,32,0,regular,regular,0,
401019525,2018,11,2018-11-10,regular,UConn,SMU,50,62,0,regular,regular,0,
401012335,2018,11,2018-11-10,regular,Missouri,Vanderbilt,33,28,0,regular,regular,0,
401019523,2018,11,2018-11-10,regular,UCF,Navy,35,24,0,regular,regular,0,
401013054,2018,11,2018-11-10,regular,Kansas State,Kansas,21,17,0,regular,regular,0,
401012886,2018,11,2018-11-10,regular,Michigan State,Ohio State,6,26,0,regular,regular,0,
401013351,2018,11,2018-11-10,regular,Penn State,Wisconsin,22,10,0,regular,regular,0,
401013170,2018,11,2018-11-10,regular,Duke,North Carolina,42,35,0,regular,regular,0,
401021689,2018,11,2018-11-10,regular,Georgia Southern,Troy,21,35,0,regular,regular,0,
401012786,2018,11,2018-11-10,regular,Arizona State,UCLA,31,28,0,regular,regular,0,
401015037,2018,11,2018-11-10,regular,Marshall,Charlotte,30,13,0,regular,regular,0,
401013174,2018,11,2018-11-10,regular,Virginia,Liberty,45,24,0,regular,regular,0,
401015041,2018,11,2018-11-10,regular,UTEP,Middle Tennessee,32,48,0,regular,regular,0,
401020779,2018,11,2018-11-10,regular,Central Michigan,Bowling Green,13,24,0,regular,regular,0,
401012788,2018,11,2018-11-10,regular,Colorado,Washington State,7,31,0,regular,regular,0,
401013035,2018,11,2018-11-10,regular,Iowa State,Baylor,28,14,0,regular,regular,0,
401012870,2018,11,2018-11-10,regular,Iowa,Northwestern,10,14,0,regular,regular,0,
401013333,2018,11,2018-11-10,regular,Minnesota,Purdue,41,10,0,regular,regular,0,
401022554,2018,11,2018-11-10,regular,Air Force,New Mexico,42,24,0,regular,regular,0,
401012331,2018,11,2018-11-10,regular,Alabama,Mississippi State,24,0,0,regular,regular,0,
401013173,2018,11,2018-11-10,regular,Pittsburgh,Virginia Tech,52,22,0,regular,regular,0,
401012848,2018,11,2018-11-10,regular,Rutgers,Michigan,7,42,0,regular,regular,0,
401015042,2018,11,2018-11-10,regular,Old Dominion,North Texas,34,31,0,regular,regular,0,
401013070,2018,11,2018-11-10,regular,Oklahoma,Oklahoma State,48,47,0,regular,regular,0,
401012336,2018,11,2018-11-10,regular,Tennessee,Kentucky,24,7,0,regular,regular,0,
401022557,2018,11,2018-11-10,regular,Utah State,San José State,62,24,0,regular,regular,0,
401019526,2018,11,2018-11-10,regular,Tulane,East Carolina,24,18,0,regular,regular,0,
401021702,2018,11,2018-11-10,regular,Texas State,App State,7,38,0,regular,regular,0,
401021690,2018,11,2018-11-10,regular,Louisiana,Georgia State,36,22,0,regular,regular,0,
401015039,2018,11,2018-11-10,regular,Florida Atlantic,Western Kentucky,34,15,0,regular,regular,0,
401021691,2018,11,2018-11-10,regular,South Alabama,UL Monroe,10,38,0,regular,regular,0,
401021688,2018,11,2018-11-10,regular,Coastal Carolina,Arkansas State,16,44,0,regular,regular,0,
401012789,2018,11,2018-11-10,regular,Utah,Oregon,32,25,0,regular,regular,0,
401012334,2018,11,2018-11-11,regular,Georgia,Auburn,27,10,0,regular,regular,0,
401019524,2018,11,2018-11-11,regular,Cincinnati,South Florida,35,23,0,regular,regular,0,
401019527,2018,11,2018-11-11,regular,Houston,Temple,49,59,0,regular,regular,0,
401015038,2018,11,2018-11-11,regular,UTSA,Florida International,7,45,0,regular,regular,0,
401013172,2018,11,2018-11-11,regular,Georgia Tech,Miami,27,21,0,regular,regular,0,
401015040,2018,11,2018-11-11,regular,Louisiana Tech,Rice,28,13,0,regular,regular,0,
401013171,2018,11,2018-11-11,regular,Notre Dame,Florida State,42,13,0,regular,regular,0,
401015043,2018,11,2018-11-11,regular,UAB,Southern Miss,26,23,0,regular,regular,0,
401012332,2018,11,2018-11-11,regular,Arkansas,LSU,17,24,0,regular,regular,0,
401013321,2018,11,2018-11-11,regular,Texas Tech,Texas,34,41,0,regular,regular,0,
401013169,2018,11,2018-11-11,regular,Boston College,Clemson,7,27,0,regular,regular,0,
401012790,2018,11,2018-11-11,regular,Stanford,Oregon State,48,17,0,regular,regular,0,
401012787,2018,11,2018-11-11,regular,USC,California,14,15,0,regular,regular,0,
401022558,2018,11,2018-11-11,regular,San Diego State,UNLV,24,27,0,regular,regular,0,
401022555,2018,11,2018-11-11,regular,Nevada,Colorado State,49,10,0,regular,regular,0,
401020780,2018,12,2018-11-13,regular,Ball State,Western Michigan,42,41,0,regular,regular,0,
401020781,2018,12,2018-11-15,regular,Ohio,Buffalo,52,17,0,regular,regular,0,
401020782,2018,12,2018-11-15,regular,Northern Illinois,Miami (OH),7,13,0,regular,regular,0,
401020783,2018,12,2018-11-15,regular,Kent State,Toledo,34,56,0,regular,regular,0,
401019529,2018,12,2018-11-16,regular,Houston,Tulane,48,17,0,regular,regular,0,
401015045,2018,12,2018-11-16,regular,North Texas,Florida Atlantic,41,38,0,regular,regular,0,
401022560,2018,12,2018-11-17,regular,New Mexico,Boise State,14,45,0,regular,regular,0,
401019530,2018,12,2018-11-17,regular,SMU,Memphis,18,28,0,regular,regular,0,
401013181,2018,12,2018-11-17,regular,Wake Forest,Pittsburgh,13,34,0,regular,regular,0,
401012887,2018,12,2018-11-17,regular,Nebraska,Michigan State,9,6,0,regular,regular,0,
401013036,2018,12,2018-11-17,regular,Baylor,TCU,9,16,0,regular,regular,0,
401012344,2018,12,2018-11-17,regular,Mississippi State,Arkansas,52,6,0,regular,regular,0,
401013334,2018,12,2018-11-17,regular,Minnesota,Northwestern,14,24,0,regular,regular,0,
401012342,2018,12,2018-11-17,regular,Kentucky,Middle Tennessee,34,23,0,regular,regular,0,
401012878,2018,12,2018-11-17,regular,Maryland,Ohio State,51,52,0,regular,regular,0,
401012849,2018,12,2018-11-17,regular,Rutgers,Penn State,7,20,0,regular,regular,0,
401019533,2018,12,2018-11-17,regular,Temple,South Florida,27,17,0,regular,regular,0,
401013178,2018,12,2018-11-17,regular,Louisville,NC State,10,52,0,regular,regular,0,
401012792,2018,12,2018-11-17,regular,Colorado,Utah,7,30,0,regular,regular,0,
401015044,2018,12,2018-11-17,regular,Charlotte,Florida International,35,42,0,regular,regular,0,
401022561,2018,12,2018-11-17,regular,Colorado State,Utah State,24,29,0,regular,regular,0,
401013182,2018,12,2018-11-17,regular,Notre Dame,Syracuse,36,3,0,regular,regular,1,
401015047,2018,12,2018-11-17,regular,Marshall,UTSA,23,0,0,regular,regular,0,
401021692,2018,12,2018-11-17,regular,App State,Georgia State,45,17,0,regular,regular,0,
401022562,2018,12,2018-11-17,regular,San José State,Nevada,12,21,0,regular,regular,0,
401021693,2018,12,2018-11-17,regular,Arkansas State,UL Monroe,31,17,0,regular,regular,0,
401012346,2018,12,2018-11-17,regular,Tennessee,Missouri,17,50,0,regular,regular,0,
401013353,2018,12,2018-11-17,regular,Purdue,Wisconsin,44,47,0,regular,regular,0,
401013327,2018,12,2018-11-17,regular,Oklahoma State,West Virginia,45,41,0,regular,regular,0,
401015046,2018,12,2018-11-17,regular,Southern Miss,Louisiana Tech,21,20,0,regular,regular,0,
401021696,2018,12,2018-11-17,regular,Troy,Texas State,12,7,0,regular,regular,0,
401013175,2018,12,2018-11-17,regular,Florida State,Boston College,22,21,0,regular,regular,0,
401013064,2018,12,2018-11-17,regular,Kansas State,Texas Tech,21,6,0,regular,regular,0,
401013179,2018,12,2018-11-17,regular,Virginia Tech,Miami,14,38,0,regular,regular,0,
401013177,2018,12,2018-11-17,regular,Georgia Tech,Virginia,30,27,0,regular,regular,0,
401012791,2018,12,2018-11-17,regular,UCLA,USC,34,27,0,regular,regular,0,
401012814,2018,12,2018-11-17,regular,Illinois,Iowa,0,63,0,regular,regular,0,
401019534,2018,12,2018-11-17,regular,Navy,Tulsa,37,29,0,regular,regular,0,
401020784,2018,12,2018-11-17,regular,Akron,Bowling Green,6,21,0,regular,regular,0,
401012860,2018,12,2018-11-17,regular,Michigan,Indiana,31,20,0,regular,regular,0,
401012341,2018,12,2018-11-17,regular,Georgia,Massachusetts,66,27,0,regular,regular,0,
401022559,2018,12,2018-11-17,regular,Wyoming,Air Force,35,27,0,regular,regular,0,
401012339,2018,12,2018-11-17,regular,Auburn,Liberty,53,0,0,regular,regular,0,
401012794,2018,12,2018-11-17,regular,Washington,Oregon State,42,23,0,regular,regular,0,
401021695,2018,12,2018-11-17,regular,Louisiana,South Alabama,48,38,0,regular,regular,0,
401021694,2018,12,2018-11-17,regular,Coastal Carolina,Georgia Southern,17,41,0,regular,regular,0,
401012347,2018,12,2018-11-18,regular,Texas A&M,UAB,41,20,0,regular,regular,0,
401019532,2018,12,2018-11-18,regular,East Carolina,UConn,55,21,0,regular,regular,0,
401013176,2018,12,2018-11-18,regular,Clemson,Duke,35,6,0,regular,regular,0,
401015049,2018,12,2018-11-18,regular,Western Kentucky,UTEP,40,16,0,regular,regular,0,
401012348,2018,12,2018-11-18,regular,Vanderbilt,Ole Miss,36,29,0,regular,regular,0,
401012343,2018,12,2018-11-18,regular,LSU,Rice,42,10,0,regular,regular,0,
401013055,2018,12,2018-11-18,regular,Oklahoma,Kansas,55,40,0,regular,regular,0,
401013046,2018,12,2018-11-18,regular,Texas,Iowa State,24,10,0,regular,regular,0,
401019531,2018,12,2018-11-18,regular,UCF,Cincinnati,38,13,0,regular,regular,0,
401013446,2018,12,2018-11-18,regular,BYU,New Mexico State,45,10,0,regular,regular,0,
401012795,2018,12,2018-11-18,regular,Washington State,Arizona,69,28,0,regular,regular,0,
401022563,2018,12,2018-11-18,regular,Fresno State,San Diego State,23,14,0,regular,regular,0,
401012793,2018,12,2018-11-18,regular,Oregon,Arizona State,31,29,0,regular,regular,0,
401022564,2018,12,2018-11-18,regular,Hawai'i,UNLV,35,28,0,regular,regular,0,
401020786,2018,13,2018-11-21,regular,Western Michigan,Northern Illinois,28,21,0,regular,regular,0,
401020785,2018,13,2018-11-21,regular,Miami (OH),Ball State,42,21,0,regular,regular,0,
401022565,2018,13,2018-11-22,regular,Air Force,Colorado State,27,19,0,regular,regular,0,
401012349,2018,13,2018-11-23,regular,Ole Miss,Mississippi State,3,35,0,regular,regular,0,
401020788,2018,13,2018-11-23,regular,Bowling Green,Buffalo,14,44,0,regular,regular,0,
401020787,2018,13,2018-11-23,regular,Ohio,Akron,49,28,0,regular,regular,0,
401020789,2018,13,2018-11-23,regular,Toledo,Central Michigan,51,13,0,regular,regular,0,
401012871,2018,13,2018-11-23,regular,Iowa,Nebraska,31,28,0,regular,regular,0,
401013056,2018,13,2018-11-23,regular,Kansas,Texas,17,24,0,regular,regular,0,
401020790,2018,13,2018-11-23,regular,Kent State,Eastern Michigan,20,28,0,regular,regular,0,
401019537,2018,13,2018-11-23,regular,Memphis,Houston,52,31,0,regular,regular,0,
401012354,2018,13,2018-11-23,regular,Missouri,Arkansas,38,0,0,regular,regular,0,
401021699,2018,13,2018-11-23,regular,South Alabama,Coastal Carolina,31,28,0,regular,regular,0,
401019536,2018,13,2018-11-23,regular,Cincinnati,East Carolina,56,6,0,regular,regular,0,
401013183,2018,13,2018-11-23,regular,Virginia Tech,Virginia,34,31,0,regular,regular,0,
401012797,2018,13,2018-11-23,regular,Oregon State,Oregon,15,55,0,regular,regular,0,
401019535,2018,13,2018-11-23,regular,South Florida,UCF,10,38,0,regular,regular,0,
401013071,2018,13,2018-11-24,regular,West Virginia,Oklahoma,56,59,0,regular,regular,0,
401012798,2018,13,2018-11-24,regular,Washington State,Washington,15,28,0,regular,regular,0,
401013184,2018,13,2018-11-24,regular,Boston College,Syracuse,21,42,0,regular,regular,0,
401015052,2018,13,2018-11-24,regular,Louisiana Tech,Western Kentucky,15,30,0,regular,regular,0,
401015051,2018,13,2018-11-24,regular,Florida International,Marshall,25,28,0,regular,regular,0,
401012895,2018,13,2018-11-24,regular,Ohio State,Michigan,62,39,0,regular,regular,0,
401012861,2018,13,2018-11-24,regular,Indiana,Purdue,21,28,0,regular,regular,0,
401012352,2018,13,2018-11-24,regular,Georgia,Georgia Tech,45,21,0,regular,regular,0,
401013037,2018,13,2018-11-24,regular,Texas Tech,Baylor,24,35,0,regular,regular,1,
401019539,2018,13,2018-11-24,regular,Tulane,Navy,29,28,0,regular,regular,0,
401012351,2018,13,2018-11-24,regular,Florida State,Florida,14,41,0,regular,regular,0,
401013187,2018,13,2018-11-24,regular,North Carolina,NC State,28,34,0,regular,regular,0,
401013185,2018,13,2018-11-24,regular,Duke,Wake Forest,7,59,0,regular,regular,0,
401015055,2018,13,2018-11-24,regular,Rice,Old Dominion,27,13,0,regular,regular,0,
401013447,2018,13,2018-11-24,regular,Liberty,New Mexico State,28,21,0,regular,regular,0,
401021700,2018,13,2018-11-24,regular,Georgia State,Georgia Southern,14,35,0,regular,regular,0,
401022567,2018,13,2018-11-24,regular,New Mexico,Wyoming,3,31,0,regular,regular,0,
401021697,2018,13,2018-11-24,regular,App State,Troy,21,10,0,regular,regular,0,
401021701,2018,13,2018-11-24,regular,UL Monroe,Louisiana,28,31,0,regular,regular,0,
401015056,2018,13,2018-11-24,regular,UTEP,Southern Miss,7,39,0,regular,regular,0,
401015053,2018,13,2018-11-24,regular,Middle Tennessee,UAB,27,3,0,regular,regular,0,
401012801,2018,13,2018-11-24,regular,UCLA,Stanford,42,49,0,regular,regular,0,
401012799,2018,13,2018-11-24,regular,Arizona,Arizona State,40,41,0,regular,regular,0,
401012350,2018,13,2018-11-24,regular,Alabama,Auburn,52,21,0,regular,regular,0,
401012815,2018,13,2018-11-24,regular,Northwestern,Illinois,24,16,0,regular,regular,0,
401019538,2018,13,2018-11-24,regular,UConn,Temple,7,57,0,regular,regular,0,
401012879,2018,13,2018-11-24,regular,Penn State,Maryland,38,3,0,regular,regular,0,
401013186,2018,13,2018-11-24,regular,Miami,Pittsburgh,24,3,0,regular,regular,0,
401019540,2018,13,2018-11-24,regular,Tulsa,SMU,27,24,0,regular,regular,0,
401013335,2018,13,2018-11-24,regular,Wisconsin,Minnesota,15,37,0,regular,regular,0,
401021698,2018,13,2018-11-24,regular,Texas State,Arkansas State,7,33,0,regular,regular,0,
401012850,2018,13,2018-11-24,regular,Michigan State,Rutgers,14,10,0,regular,regular,0,
401012357,2018,13,2018-11-24,regular,Vanderbilt,Tennessee,38,13,0,regular,regular,0,
401015050,2018,13,2018-11-24,regular,Florida Atlantic,Charlotte,24,27,0,regular,regular,0,
401015054,2018,13,2018-11-25,regular,UTSA,North Texas,21,24,0,regular,regular,0,
401013047,2018,13,2018-11-25,regular,Iowa State,Kansas State,42,38,0,regular,regular,0,
401012355,2018,13,2018-11-25,regular,Clemson,South Carolina,56,35,0,regular,regular,0,
401012803,2018,13,2018-11-25,regular,California,Colorado,33,21,0,regular,regular,0,
401022570,2018,13,2018-11-25,regular,Fresno State,San José State,31,13,0,regular,regular,0,
401012353,2018,13,2018-11-25,regular,Louisville,Kentucky,10,56,0,regular,regular,0,
401012356,2018,13,2018-11-25,regular,Texas A&M,LSU,74,72,0,regular,regular,0,
401013078,2018,13,2018-11-25,regular,TCU,Oklahoma State,31,24,0,regular,regular,0,
401012800,2018,13,2018-11-25,regular,USC,Notre Dame,17,24,0,regular,regular,0,
401022569,2018,13,2018-11-25,regular,UNLV,Nevada,34,29,0,regular,regular,0,
401012802,2018,13,2018-11-25,regular,Utah,BYU,35,27,0,regular,regular,0,
401022566,2018,13,2018-11-25,regular,Boise State,Utah State,33,24,0,regular,regular,0,
401022568,2018,13,2018-11-25,regular,San Diego State,Hawai'i,30,31,0,regular,regular,0,
401056696,2018,14,2018-12-01,regular,Buffalo,Northern Illinois,29,30,0,regular,regular,1,
401056704,2018,14,2018-12-01,regular,Washington,Utah,10,3,0,regular,regular,1,
401088766,2018,14,2018-12-01,regular,NC State,East Carolina,58,3,0,regular,regular,0,
401098253,2018,14,2018-12-01,regular,South Carolina,Akron,28,3,0,regular,regular,0,
401100159,2018,14,2018-12-01,regular,Virginia Tech,Marshall,41,20,0,regular,regular,0,
401056698,2018,14,2018-12-01,regular,Oklahoma,Texas,39,27,0,regular,regular,1,
401056701,2018,14,2018-12-01,regular,App State,Louisiana,30,19,0,regular,regular,0,
401056703,2018,14,2018-12-01,regular,Middle Tennessee,UAB,25,27,0,regular,regular,0,
401099853,2018,14,2018-12-01,regular,California,Stanford,13,23,0,regular,regular,0,
401056699,2018,14,2018-12-01,regular,UCF,Memphis,56,41,0,regular,regular,0,
401056705,2018,14,2018-12-01,regular,Georgia,Alabama,28,35,0,regular,regular,1,
401056700,2018,14,2018-12-02,regular,Boise State,Fresno State,16,19,0,regular,regular,0,
401056702,2018,14,2018-12-02,regular,Ohio State,Northwestern,45,24,0,regular,regular,1,
401056697,2018,14,2018-12-02,regular,Pittsburgh,Clemson,10,42,0,regular,regular,1,
401013376,2018,15,2018-12-08,regular,Army,Navy,17,10,0,regular,regular,1,
401035253,2018,1,2018-12-15,postseason,Louisiana,Tulane,24,41,0,regular,bowl,1,AUTONATION CURE BOWL
401032054,2018,1,2018-12-15,postseason,North Texas,Utah State,13,52,0,regular,bowl,1,NEW MEXICO BOWL PRESENTED BY PROGRESSIVE
401032055,2018,1,2018-12-15,postseason,Fresno State,Arizona State,31,20,0,regular,bowl,1,MITSUBISHI MOTORS LAS VEGAS BOWL
401032056,2018,1,2018-12-15,postseason,Eastern Michigan,Georgia Southern,21,23,0,regular,bowl,1,RAYCOM MEDIA CAMELLIA BOWL
401032057,2018,1,2018-12-16,postseason,App State,Middle Tennessee,45,13,0,regular,bowl,1,R+L CARRIERS NEW ORLEANS BOWL
401032058,2018,1,2018-12-19,postseason,Northern Illinois,UAB,13,37,0,regular,bowl,1,CHERIBUNDI BOCA RATON BOWL
401032059,2018,1,2018-12-20,postseason,Ohio,San Diego State,27,0,0,regular,bowl,1,DXL FRISCO BOWL
401032060,2018,1,2018-12-21,postseason,South Florida,Marshall,20,38,0,regular,bowl,0,BAD BOY MOWERS GASPARILLA BOWL
401032061,2018,1,2018-12-21,postseason,Toledo,Florida International,32,35,0,regular,bowl,1,MAKERS WANTED BAHAMAS BOWL
401032062,2018,1,2018-12-21,postseason,BYU,Western Michigan,49,18,0,regular,bowl,1,FAMOUS IDAHO POTATO BOWL
401032063,2018,1,2018-12-22,postseason,Wake Forest,Memphis,37,34,0,regular,bowl,1,JARED BIRMINGHAM BOWL
401032064,2018,1,2018-12-22,postseason,Army,Houston,70,14,0,regular,bowl,1,LOCKHEED MARTIN ARMED FORCES BOWL
401032065,2018,1,2018-12-23,postseason,Troy,Buffalo,42,32,0,regular,bowl,1,DOLLAR GENERAL BOWL
401032066,2018,1,2018-12-23,postseason,Louisiana Tech,Hawai'i,31,14,0,regular,bowl,1,SOFI HAWAI'I BOWL
401032068,2018,1,2018-12-26,postseason,Georgia Tech,Minnesota,10,34,0,regular,bowl,1,QUICK LANE BOWL
401032069,2018,1,2018-12-27,postseason,TCU,California,10,7,0,regular,bowl,1,CHEEZ-IT BOWL
401032070,2018,1,2018-12-27,postseason,Duke,Temple,56,27,0,regular,bowl,1,WALK-ON'S INDEPENDENCE BOWL
401032071,2018,1,2018-12-27,postseason,Wisconsin,Miami,35,3,0,regular,bowl,1,NEW ERA PINSTRIPE BOWL
401032072,2018,1,2018-12-28,postseason,Vanderbilt,Baylor,38,45,0,regular,bowl,1,ACADEMY SPORTS + OUTDOORS TEXAS BOWL
401032073,2018,1,2018-12-28,postseason,Auburn,Purdue,63,14,0,regular,bowl,1,FRANKLIN AMERICAN MORTGAGE MUSIC CITY BOWL
401032074,2018,1,2018-12-28,postseason,Syracuse,West Virginia,34,18,0,regular,bowl,1,CAMPING WORLD BOWL
401032075,2018,1,2018-12-29,postseason,Washington State,Iowa State,28,26,0,regular,bowl,1,VALERO ALAMO BOWL
401032077,2018,1,2018-12-29,postseason,Virginia,South Carolina,28,0,0,regular,bowl,1,
401032076,2018,1,2018-12-29,postseason,Michigan,Florida,15,41,0,regular,bowl,1,CHICK-FIL-A PEACH BOWL
401035252,2018,1,2018-12-29,postseason,Nevada,Arkansas State,16,13,0,regular,bowl,1,
401032079,2018,1,2018-12-29,postseason,Clemson,Notre Dame,30,3,0,playoff,cfp,1,GOODYEAR COTTON BOWL CLASSIC - CFP SEMIFINAL
401032078,2018,1,2018-12-30,postseason,Alabama,Oklahoma,45,34,0,playoff,cfp,1,CAPITAL ONE ORANGE BOWL - CFP SEMIFINAL
401032080,2018,1,2018-12-31,postseason,Virginia Tech,Cincinnati,31,35,0,regular,bowl,1,
401035251,2018,1,2018-12-31,postseason,Pittsburgh,Stanford,13,14,0,regular,bowl,1,
401035254,2018,1,2018-12-31,postseason,Oregon,Michigan State,7,6,0,regular,bowl,1,
401032081,2018,1,2018-12-31,postseason,Oklahoma State,Missouri,38,33,0,regular,bowl,1,
401035250,2018,1,2019-01-01,postseason,Utah,Northwestern,20,31,0,regular,bowl,1,
401032082,2018,1,2019-01-01,postseason,Texas A&M,NC State,52,13,0,regular,bowl,1,
401032083,2018,1,2019-01-01,postseason,Iowa,Mississippi State,27,22,0,regular,bowl,1,OUTBACK BOWL
401032084,2018,1,2019-01-01,postseason,UCF,LSU,32,40,0,regular,bowl,1,PLAYSTATION FIESTA BOWL
401032088,2018,1,2019-01-01,postseason,Penn State,Kentucky,24,27,0,regular,bowl,1,VRBO CITRUS BOWL
401032085,2018,1,2019-01-01,postseason,Ohio State,Washington,28,23,0,regular,bowl,1,ROSE BOWL GAME PRESENTED BY NORTHWESTERN MUTUAL
401032086,2018,1,2019-01-02,postseason,Georgia,Texas,21,28,0,regular,bowl,1,ALLSTATE SUGAR BOWL
401032087,2018,1,2019-01-08,postseason,Alabama,Clemson,16,44,0,playoff,cfp,1,CFP NATIONAL CHAMPIONSHIP PRESENTED BY AT&T
